id,first_name,last_name,email,gender,ip_address
1,75,2,5,false,10
2,24,62,60,true,49
3,93,70,46,true,50
4,40,39,99,false,42
5,54,15,61,true,67
6,10,56,12,false,30
7,46,12,85,false,58
8,75,36,66,false,76
9,17,95,7,false,5
10,31,44,2,false,36
11,3,98,73,true,7
12,10,25,38,true,90
13,29,10,100,true,53
14,45,22,90,false,64
15,11,78,53,false,73
16,13,80,3,false,86
17,19,22,54,true,67
18,43,56,87,false,36
19,47,51,43,true,66
20,11,55,42,false,35
21,75,79,99,true,60
22,39,55,3,true,71
23,32,92,55,true,60
24,13,54,92,false,97
25,63,39,47,true,85
26,11,4,23,true,58
27,51,1,76,false,54
28,19,37,53,false,4
29,41,44,11,false,31
30,41,23,21,true,54
31,69,55,72,false,50
32,60,17,85,false,33
33,48,85,97,true,86
34,14,16,36,true,51
35,25,65,23,true,5
36,34,54,83,false,77
37,23,7,59,true,84
38,100,66,31,false,71
39,58,28,89,false,26
40,76,79,85,true,98
41,2,79,25,true,50
42,19,63,21,true,69
43,33,23,44,false,10
44,19,66,22,true,28
45,96,16,82,false,72
46,41,68,38,true,21
47,9,87,2,false,56
48,57,75,78,true,4
49,57,75,29,false,10
50,56,88,4,true,74
51,54,30,67,false,98
52,41,90,6,true,31
53,73,26,67,true,40
54,15,56,22,false,66
55,74,55,26,false,33
56,83,64,37,true,76
57,47,28,21,true,65
58,5,66,80,true,98
59,8,18,66,false,92
60,72,20,100,true,28
61,68,58,96,false,67
62,23,89,43,true,44
63,30,34,52,true,12
64,29,38,61,false,93
65,2,92,64,false,88
66,35,39,46,true,26
67,35,8,86,false,18
68,3,5,77,false,95
69,23,47,2,false,32
70,36,5,67,true,43
71,5,43,62,false,28
72,49,48,38,true,87
73,2,93,71,false,2
74,40,27,30,true,89
75,40,48,51,false,4
76,27,25,15,true,50
77,68,60,40,false,100
78,24,71,7,false,7
79,44,23,97,true,41
80,35,18,91,true,3
81,17,41,80,true,53
82,90,93,89,true,32
83,47,28,59,false,37
84,75,22,51,false,42
85,34,52,85,false,11
86,6,58,61,true,57
87,39,70,25,false,43
88,40,4,29,true,34
89,58,80,58,false,65
90,13,49,98,true,95
91,19,88,3,true,1
92,15,59,74,true,57
93,85,73,35,true,81
94,65,19,60,true,78
95,71,12,4,true,62
96,85,46,92,false,67
97,75,4,74,true,77
98,54,74,98,false,71
99,31,100,22,false,46
100,51,22,45,false,6
